{"cameraMode":{"drawMode":0,"name":"Shaded","section":"Shading Mode"},"sceneLighting":true,"audioPlay":false,"sceneViewState":{"m_AlwaysRefresh":false,"showFog":true,"showSkybox":true,"showFlares":true,"showImageEffects":true,"showParticleSystems":true,"showVisualEffectGraphs":true,"m_FxEnabled":true},"in2DMode":false,"pivot":{"x":1.7456867694854737,"y":2.5720252990722658,"z":-1.3528861999511719},"rotation":{"x":0.0010807150974869729,"y":-0.9859266877174377,"z":0.16721101105213166,"w":0.006307295523583889},"size":17.472911834716798,"orthographic":false}