{"cameraMode":{"drawMode":0,"name":"Shaded","section":"Shading Mode"},"sceneLighting":false,"audioPlay":false,"sceneViewState":{"m_AlwaysRefresh":false,"showFog":true,"showSkybox":false,"showFlares":true,"showImageEffects":true,"showParticleSystems":true,"showVisualEffectGraphs":true,"m_FxEnabled":true},"in2DMode":false,"pivot":{"x":-1.981440782546997,"y":0.5869479179382324,"z":0.5087426900863648},"rotation":{"x":0.0524713471531868,"y":0.012879309244453907,"z":-0.000676377268973738,"w":0.9985422492027283},"size":2.1172237396240236,"orthographic":false}